mask_rcnn_X-101-64x4d-FPN;cascade_mask_rcnn_X-101-64x4d-FPN;hybrid_task_cascade_mask_rcnn_X-101-64x4d-FPN;gcnet_X-101-FPN_DCN_Cascade_Mask_GC(c3-c5,r4);scnet_X-101-64x4d-FPN;bbox_ap;mask_ap;tp;tp%;tp_s;tp_s%;tp_m;tp_m%;tp_l;tp_l%;tp_2;tp_2%;tp_2_s;tp_2_s%;tp_2_m;tp_2_m%;tp_2_l;tp_2_l%;fp;fp%;fp_s;fp_s%;fp_m;fp_m%;fp_l;fp_l%;fp_2;fp_2%;fp_2_s;fp_2_s%;fp_2_m;fp_2_m%;fp_2_l;fp_2_l%;tn;tn%;tn_s;tn_s%;tn_m;tn_m%;tn_l;tn_l%;tn_2;tn_2%;tn_2_s;tn_2_s%;tn_2_m;tn_2_m%;tn_2_l;tn_2_l%;fn;fn%;fn_s;fn_s%;fn_m;fn_m%;fn_l;fn_l%;fn_2;fn_2%;fn_2_s;fn_2_s%;fn_2_m;fn_2_m%;fn_2_l;fn_2_l%;cg;cg%;cg_s;cg_s%;cg_m;cg_m%;cg_l;cg_l%;c_cg;c_cg%;c_cg_s;c_cg_s%;c_cg_m;c_cg_m%;c_cg_l;c_cg_l%;ig;ig%;ig_s;ig_s%;ig_m;ig_m%;ig_l;ig_l%;c_ig;c_ig%;c_ig_s;c_ig_s%;c_ig_m;c_ig_m%;c_ig_l;c_ig_l%;ng;ng%;ng_s;ng_s%;ng_m;ng_m%;ng_l;ng_l%;c_ng;c_ng%;c_ng_s;c_ng_s%;c_ng_m;c_ng_m%;c_ng_l;c_ng_l%
1;0;0;0;0;0.561;0.492;104104790;0.47251;791;0.55626;9395;0.52007;104094604;0.47251;104108503;0.45544;162;0.59559;6656;0.51657;104097972;0.47251;8885076;0.04033;291;0.20464;2225;0.12317;8882560;0.04032;11194613;0.04897;47;0.17279;1484;0.11517;8883545;0.04032;96279649;0.43700;218;0.15331;4625;0.25602;96274806;0.43701;102232168;0.44723;45;0.16544;3422;0.26558;96276182;0.43701;11052211;0.05016;122;0.08579;1820;0.10075;11050269;0.05016;11054952;0.04836;18;0.06618;1323;0.10268;11050870;0.05016;9909;0.28550;45;0.14151;253;0.11510;9611;0.29856;5323;0.25700;35;0.17413;193;0.13707;5095;0.26671;23703;0.68295;132;0.41509;1815;0.82575;21756;0.67584;14745;0.71191;69;0.34328;1126;0.79972;13550;0.70931;1095;0.03155;141;0.44340;130;0.05914;824;0.02560;644;0.03109;97;0.48259;89;0.06321;458;0.02398
0;1;0;0;0;0.584;0.498;103977223;0.47536;995;0.56151;9557;0.50743;103966671;0.47535;103981039;0.45708;353;0.57869;7161;0.51592;103969709;0.47536;8725766;0.03989;307;0.17325;2237;0.11877;8723222;0.03988;11434982;0.05027;92;0.15082;1501;0.10814;8724173;0.03989;95694348;0.43749;321;0.18115;4907;0.26054;95689120;0.43751;101734297;0.44720;121;0.19836;3675;0.26477;95690552;0.43750;10337066;0.04726;149;0.08409;2133;0.11325;10334784;0.04725;10339342;0.04545;44;0.07213;1543;0.11117;10335479;0.04725;9904;0.29886;57;0.13043;262;0.10764;9585;0.31667;5338;0.26512;38;0.14179;204;0.12969;5096;0.27858;22135;0.66794;251;0.57437;2051;0.84265;19833;0.65525;14167;0.70364;136;0.50746;1291;0.82072;12740;0.69644;1100;0.03319;129;0.29519;121;0.04971;850;0.02808;629;0.03124;94;0.35075;78;0.04959;457;0.02498
0;0;1;0;0;0.603;0.519;107496938;0.47959;1495;0.55742;11675;0.51341;107483768;0.47959;107501386;0.46566;538;0.58606;8524;0.51464;107487876;0.47959;7797674;0.03479;509;0.18978;2918;0.12832;7794247;0.03478;9469341;0.04102;161;0.17538;1953;0.11791;7795560;0.03478;99273418;0.44290;471;0.17562;5771;0.25378;99267176;0.44292;104309191;0.45183;167;0.18192;4327;0.26124;99268924;0.44292;9575288;0.04272;207;0.07718;2376;0.10449;9572705;0.04271;9577274;0.04149;52;0.05664;1759;0.10620;9573477;0.04271;10433;0.14219;96;0.08451;317;0.03919;10020;0.15620;5511;0.19078;61;0.17579;231;0.08960;5219;0.20102;62369;0.85003;950;0.83627;7705;0.95265;53714;0.83733;22920;0.79344;215;0.61960;2296;0.89061;20409;0.78611;571;0.00778;90;0.07923;66;0.00816;415;0.00647;456;0.01579;71;0.20461;51;0.01978;334;0.01286
0;0;0;1;0;0.580;0.493;104079804;0.47690;1049;0.55008;9646;0.51295;104069109;0.47689;104083962;0.46013;245;0.53728;6949;0.51028;104072610;0.47689;8556911;0.03921;373;0.19560;2319;0.12332;8554219;0.03920;11023574;0.04873;82;0.17982;1573;0.11551;8555256;0.03920;95553970;0.43783;316;0.16571;4758;0.25302;95548896;0.43785;101042441;0.44668;96;0.21053;3526;0.25892;95550348;0.43784;10053024;0.04606;169;0.08862;2082;0.11072;10050773;0.04606;10055549;0.04445;33;0.07237;1570;0.11529;10051421;0.04606;9870;0.30512;62;0.14904;263;0.11259;9545;0.32251;5325;0.27502;43;0.18455;202;0.13779;5080;0.28761;21344;0.65982;230;0.55288;1953;0.83604;19161;0.64742;13395;0.69182;101;0.43348;1184;0.80764;12110;0.68561;1134;0.03506;124;0.29808;120;0.05137;890;0.03007;642;0.03316;89;0.38197;80;0.05457;473;0.02678
0;0;0;0;1;0.582;0.508;107496304;0.47812;1326;0.56764;11171;0.51893;107483807;0.47811;107500494;0.46084;262;0.54021;8261;0.52803;107487781;0.47811;8129867;0.03616;500;0.21404;2884;0.13397;8126483;0.03615;10293884;0.04413;116;0.23918;1826;0.11671;8127925;0.03615;99377618;0.44201;362;0.15497;5286;0.24555;99371970;0.44203;105648245;0.45289;81;0.16701;3948;0.25235;99373589;0.44202;9828661;0.04372;148;0.06336;2186;0.10155;9826327;0.04371;9830621;0.04214;26;0.05361;1610;0.10291;9827025;0.04371;10348;0.15065;79;0.11334;300;0.05126;9969;0.16043;5451;0.19328;51;0.18613;220;0.09683;5180;0.20190;57686;0.83980;511;0.73314;5469;0.93455;51706;0.83208;22235;0.78842;142;0.51825;1990;0.87588;20103;0.78356;656;0.00955;107;0.15352;83;0.01418;466;0.00750;516;0.01830;81;0.29562;62;0.02729;373;0.01454
1;2;0;0;0;0.587;0.504;106723684;0.48263;1150;0.56762;10442;0.52681;106712092;0.48263;106728129;0.46293;304;0.58015;7407;0.53407;106715973;0.48263;10677051;0.04828;429;0.21175;2705;0.13647;10673917;0.04827;13446045;0.05832;100;0.19084;1788;0.12892;10675163;0.04828;94906312;0.42919;309;0.15252;4845;0.24444;94901158;0.42921;101552382;0.44048;97;0.18511;3447;0.24854;94902768;0.42920;8821315;0.03989;138;0.06811;1829;0.09228;8819348;0.03989;8824098;0.03827;23;0.04389;1227;0.08847;8820065;0.03989;10100;0.26081;65;0.16209;278;0.10113;9757;0.27426;5419;0.23626;43;0.18143;213;0.12800;5163;0.24544;27722;0.71585;215;0.53616;2366;0.86068;25141;0.70668;16970;0.73985;105;0.44304;1382;0.83053;15483;0.73602;904;0.02334;121;0.30175;105;0.03820;678;0.01906;548;0.02389;89;0.37553;69;0.04147;390;0.01854
1;0;2;0;0;0.602;0.519;109143862;0.48595;1602;0.56053;12323;0.53286;109129937;0.48594;109148458;0.46917;513;0.60495;8394;0.52617;109134955;0.48595;10613311;0.04725;569;0.19909;3294;0.14244;10609448;0.04724;12733194;0.05473;152;0.17925;2120;0.13289;10611039;0.04725;96705863;0.43057;463;0.16200;5511;0.23830;96699889;0.43059;102621973;0.44112;140;0.16509;3976;0.24923;96701747;0.43058;8136022;0.03622;224;0.07838;1998;0.08640;8133800;0.03622;8138052;0.03498;43;0.05071;1463;0.09171;8134516;0.03622;10487;0.13726;102;0.09256;324;0.03967;10061;0.14987;5552;0.17951;65;0.19345;238;0.09049;5249;0.18771;65396;0.85597;916;0.83122;7785;0.95311;56695;0.84456;24962;0.80707;204;0.60714;2348;0.89278;22410;0.80142;517;0.00677;84;0.07623;59;0.00722;374;0.00557;415;0.01342;67;0.19940;44;0.01673;304;0.01087
1;0;0;2;0;0.589;0.506;107472063;0.48491;1246;0.56895;10941;0.53280;107459876;0.48490;107476641;0.46592;280;0.58333;7012;0.52579;107464771;0.48490;10818330;0.04881;443;0.20228;2974;0.14483;10814913;0.04880;13491577;0.05849;88;0.18333;1780;0.13347;10816462;0.04881;95020633;0.42873;337;0.15388;4783;0.23292;95015513;0.42875;101382864;0.43950;86;0.17917;3340;0.25045;95017207;0.42874;8323074;0.03755;164;0.07489;1837;0.08946;8321073;0.03755;8325432;0.03609;26;0.05417;1204;0.09028;8321844;0.03755;10152;0.25586;72;0.17021;288;0.09921;9792;0.26937;5444;0.23354;51;0.21795;218;0.12522;5175;0.24255;28674;0.72267;237;0.56028;2520;0.86807;25917;0.71295;17344;0.74403;102;0.43590;1459;0.83802;15783;0.73974;852;0.02147;114;0.26950;95;0.03272;643;0.01769;523;0.02244;81;0.34615;64;0.03676;378;0.01772
1;0;0;0;2;0.590;0.513;109198205;0.48569;1461;0.57770;11958;0.53554;109184786;0.48568;109202785;0.46656;284;0.57028;8528;0.54398;109189393;0.48568;10751886;0.04782;565;0.22341;3312;0.14833;10748009;0.04781;13254926;0.05663;111;0.22289;2102;0.13408;10749673;0.04782;96766343;0.43039;363;0.14353;5148;0.23055;96760832;0.43042;103483219;0.44212;73;0.14659;3722;0.23742;96762548;0.43041;8115935;0.03610;140;0.05536;1911;0.08558;8113884;0.03609;8118203;0.03468;30;0.06024;1325;0.08452;8114580;0.03609;10414;0.14550;86;0.12199;313;0.05254;10015;0.15429;5507;0.18211;56;0.19929;233;0.09936;5218;0.18896;60569;0.84625;519;0.73617;5574;0.93571;54476;0.83924;24273;0.80268;149;0.53025;2063;0.87974;22061;0.79891;590;0.00824;100;0.14184;70;0.01175;420;0.00647;460;0.01521;76;0.27046;49;0.02090;335;0.01213
0;1;2;0;0;0.608;0.520;109322320;0.48630;1554;0.56986;12126;0.52414;109308640;0.48630;109327325;0.46938;495;0.58789;8514;0.52185;109313311;0.48630;10438922;0.04644;535;0.19619;3197;0.13819;10435190;0.04642;12703329;0.05454;145;0.17221;2071;0.12694;10436706;0.04643;97065287;0.43178;451;0.16538;5599;0.24201;97059237;0.43180;102905576;0.44181;154;0.18290;4131;0.25320;97061002;0.43179;7977789;0.03549;187;0.06857;2213;0.09566;7975389;0.03548;7979961;0.03426;48;0.05701;1599;0.09801;7976142;0.03548;10476;0.13817;97;0.08494;323;0.03892;10056;0.15150;5543;0.18072;62;0.16622;237;0.08662;5244;0.19026;64815;0.85486;956;0.83713;7916;0.95385;55943;0.84279;24704;0.80545;241;0.64611;2454;0.89693;22009;0.79853;528;0.00696;89;0.07793;60;0.00723;379;0.00571;424;0.01382;70;0.18767;45;0.01645;309;0.01121
0;1;0;2;0;0.597;0.507;106892294;0.48404;1342;0.57058;10897;0.52049;106880055;0.48404;106896831;0.46505;343;0.58136;7476;0.52105;106884475;0.48404;10699005;0.04845;458;0.19473;2905;0.13876;10695642;0.04844;13496712;0.05872;103;0.17458;1814;0.12643;10697088;0.04844;95014966;0.43026;377;0.16029;5030;0.24026;95009559;0.43028;101239293;0.44043;108;0.18305;3619;0.25223;95011239;0.43027;8227371;0.03726;175;0.07440;2104;0.10050;8225092;0.03725;8229728;0.03580;36;0.06102;1439;0.10029;8225896;0.03725;10135;0.26418;78;0.15789;291;0.09485;9766;0.28062;5442;0.23879;54;0.19355;224;0.12181;5164;0.24981;27360;0.71317;308;0.62348;2685;0.87516;24367;0.70016;16823;0.73817;147;0.52688;1557;0.84666;15119;0.73138;869;0.02265;108;0.21862;92;0.02999;669;0.01922;525;0.02304;78;0.27957;58;0.03154;389;0.01882
0;1;0;0;2;0.596;0.513;109188863;0.48499;1499;0.57279;11792;0.52575;109175572;0.48498;109193633;0.46616;304;0.57036;8641;0.53548;109179918;0.48498;10603988;0.04710;569;0.21742;3262;0.14544;10600157;0.04709;13142971;0.05611;117;0.21951;2050;0.12704;10601821;0.04709;97141790;0.43148;389;0.14864;5252;0.23416;97136149;0.43150;103698505;0.44270;79;0.14822;3938;0.24404;97137773;0.43149;8202571;0.03643;160;0.06114;2123;0.09465;8200288;0.03643;8204533;0.03503;33;0.06191;1508;0.09345;8201030;0.03643;10419;0.14650;90;0.12000;313;0.05111;10016;0.15591;5508;0.18353;58;0.18954;232;0.09466;5218;0.19145;60114;0.84527;564;0.75200;5741;0.93746;53809;0.83757;24045;0.80118;174;0.56863;2169;0.88494;21702;0.79626;585;0.00823;96;0.12800;70;0.01143;419;0.00652;459;0.01529;74;0.24183;50;0.02040;335;0.01229
0;0;1;2;0;0.606;0.517;109290898;0.48692;1569;0.57075;12155;0.52508;109277174;0.48692;109295876;0.47087;453;0.58226;8277;0.52231;109282168;0.48692;10137655;0.04517;542;0.19716;3338;0.14420;10133775;0.04515;12311646;0.05304;145;0.18638;2110;0.13315;10135400;0.04516;97075188;0.43250;449;0.16333;5475;0.23651;97069264;0.43252;102558090;0.44184;135;0.17352;3948;0.24913;97071105;0.43251;7947724;0.03541;189;0.06875;2181;0.09422;7945354;0.03540;7949843;0.03425;45;0.05784;1512;0.09541;7946167;0.03541;10480;0.13925;98;0.08813;323;0.03972;10059;0.15237;5544;0.18367;62;0.18343;237;0.09080;5245;0.19258;64257;0.85379;926;0.83273;7749;0.95290;55582;0.84193;24217;0.80231;206;0.60947;2328;0.89195;21683;0.79612;524;0.00696;88;0.07914;60;0.00738;376;0.00570;423;0.01401;70;0.20710;45;0.01724;308;0.01131
0;0;1;0;2;0.604;0.523;109720544;0.48700;1600;0.57021;12325;0.53095;109706619;0.48699;109725222;0.46915;400;0.59880;8596;0.53305;109711548;0.48699;9975237;0.04428;614;0.21882;3438;0.14811;9971185;0.04426;12179990;0.05208;137;0.20509;2103;0.13041;9972997;0.04427;97843108;0.43428;415;0.14790;5405;0.23284;97837288;0.43430;104211353;0.44558;95;0.14222;3939;0.24426;97839074;0.43429;7761659;0.03445;177;0.06308;2045;0.08810;7759437;0.03444;7763365;0.03319;36;0.05389;1488;0.09227;7760135;0.03445;10515;0.11520;99;0.09041;325;0.03631;10091;0.12423;5560;0.16354;64;0.19335;237;0.08510;5259;0.17029;80271;0.87944;909;0.83014;8567;0.95721;70795;0.87154;28031;0.82449;199;0.60121;2503;0.89874;25329;0.82019;489;0.00536;87;0.07945;58;0.00648;344;0.00423;407;0.01197;68;0.20544;45;0.01616;294;0.00952
0;0;0;1;2;0.597;0.513;109544062;0.48702;1496;0.57494;11978;0.52909;109530588;0.48702;109548978;0.46831;304;0.55072;8370;0.53329;109535388;0.48702;10573230;0.04701;568;0.21829;3422;0.15116;10569240;0.04700;13078921;0.05591;128;0.23188;2106;0.13418;10570996;0.04700;97005490;0.43128;380;0.14604;5162;0.22801;96999948;0.43130;103492505;0.44242;84;0.15217;3745;0.23861;97001661;0.43129;7802723;0.03469;158;0.06072;2077;0.09174;7800488;0.03468;7804953;0.03337;36;0.06522;1474;0.09392;7801213;0.03469;10426;0.14711;89;0.12192;317;0.05234;10020;0.15635;5512;0.18588;58;0.20351;233;0.09831;5221;0.19338;59870;0.84474;544;0.74521;5674;0.93677;53652;0.83717;23687;0.79878;153;0.53684;2088;0.88101;21446;0.79433;578;0.00816;97;0.13288;66;0.01090;415;0.00648;455;0.01534;74;0.25965;49;0.02068;332;0.01230
1;2;3;0;0;0.605;0.520;107047334;0.47630;1638;0.56522;12102;0.51782;107033594;0.47630;107051200;0.46226;518;0.58998;8774;0.51979;107038042;0.47630;8505513;0.03784;576;0.19876;3090;0.13222;8501847;0.03783;10342962;0.04466;155;0.17654;2059;0.12198;8503299;0.03784;98954652;0.44029;485;0.16736;5807;0.24847;98948360;0.44032;103944224;0.44885;157;0.17882;4319;0.25586;98950176;0.44031;10239300;0.04556;199;0.06867;2372;0.10149;10236729;0.04555;10241751;0.04423;48;0.05467;1728;0.10237;10237524;0.04555;10496;0.13502;103;0.08910;328;0.03813;10065;0.14806;5562;0.17470;66;0.17414;242;0.08291;5254;0.18409;66732;0.85844;970;0.83910;8219;0.95548;57543;0.84649;25871;0.81258;247;0.65172;2637;0.90339;22987;0.80543;508;0.00653;83;0.07180;55;0.00639;370;0.00544;405;0.01272;66;0.17414;40;0.01370;299;0.01048
1;2;0;3;0;0.597;0.512;105603463;0.47606;1411;0.56895;10938;0.51268;105591114;0.47605;105607464;0.46094;370;0.57187;8218;0.51944;105594875;0.47605;8609084;0.03881;495;0.19960;2715;0.12726;8605874;0.03880;10741964;0.04688;112;0.17311;1900;0.12009;8607072;0.03880;97387413;0.43902;404;0.16290;5403;0.25325;97381606;0.43904;102532830;0.44752;122;0.18856;4061;0.25668;97383230;0.43903;10229139;0.04611;170;0.06855;2279;0.10682;10226690;0.04611;10231763;0.04466;43;0.06646;1642;0.10379;10227454;0.04611;10208;0.24043;82;0.16238;298;0.08454;9828;0.25575;5476;0.22072;56;0.20000;227;0.10950;5193;0.23124;31454;0.74083;319;0.63168;3142;0.89135;27993;0.72845;18843;0.75949;148;0.52857;1791;0.86397;16904;0.75273;796;0.01875;104;0.20594;85;0.02411;607;0.01580;491;0.01979;76;0.27143;55;0.02653;360;0.01603
1;2;0;0;3;0.596;0.516;107119625;0.47637;1556;0.57822;11682;0.52026;107106387;0.47636;107123545;0.46078;326;0.58214;8773;0.52996;107110526;0.47636;8730905;0.03883;574;0.21330;3032;0.13503;8727299;0.03882;10849427;0.04667;114;0.20357;1990;0.12021;8728801;0.03882;98812937;0.43943;405;0.15050;5524;0.24601;98807008;0.43945;104301088;0.44864;87;0.15536;4163;0.25148;98808687;0.43944;10204202;0.04538;156;0.05797;2216;0.09869;10201830;0.04537;10206707;0.04390;33;0.05893;1628;0.09834;10202541;0.04537;10442;0.14317;93;0.11954;315;0.04877;10034;0.15273;5528;0.17723;60;0.18692;235;0.08769;5233;0.18563;61931;0.84913;592;0.76093;6076;0.94070;55263;0.84117;25224;0.80869;189;0.58879;2398;0.89478;22637;0.80302;562;0.00771;93;0.11954;68;0.01053;401;0.00610;439;0.01407;72;0.22430;47;0.01754;320;0.01135
1;0;2;3;0;0.605;0.522;107185385;0.47728;1651;0.55834;12180;0.51751;107171554;0.47728;107189312;0.46399;445;0.59492;8661;0.51677;107176279;0.47728;8325865;0.03707;579;0.19581;3124;0.13273;8322162;0.03706;10091941;0.04368;130;0.17380;2075;0.12381;8323660;0.03707;98973334;0.44071;488;0.16503;5826;0.24754;98967020;0.44074;103642584;0.44864;128;0.17112;4289;0.25591;98968917;0.44073;10090690;0.04493;239;0.08083;2406;0.10223;10088045;0.04493;10092948;0.04369;45;0.06016;1735;0.10352;10088910;0.04493;10511;0.13515;105;0.09251;331;0.03889;10075;0.14789;5570;0.17509;68;0.19209;244;0.08537;5258;0.18385;66768;0.85851;949;0.83612;8129;0.95500;57690;0.84683;25845;0.81243;222;0.62712;2576;0.90133;23047;0.80584;493;0.00634;81;0.07137;52;0.00611;360;0.00528;397;0.01248;64;0.18079;38;0.01330;295;0.01031
1;0;2;0;3;0.604;0.525;107689178;0.47890;1677;0.57748;12220;0.52078;107675281;0.47889;107693357;0.46478;415;0.61573;8993;0.52850;107679770;0.47890;8115864;0.03609;603;0.20764;3180;0.13552;8112081;0.03608;9883058;0.04265;122;0.18101;2084;0.12247;8113658;0.03608;99349111;0.44181;446;0.15358;5758;0.24539;99342907;0.44184;104418320;0.45064;101;0.14985;4286;0.25188;99344724;0.44183;9713567;0.04320;178;0.06129;2307;0.09832;9711082;0.04319;9715797;0.04193;36;0.05341;1653;0.09714;9711878;0.04319;10527;0.11326;103;0.08980;329;0.03509;10095;0.12248;5572;0.15837;66;0.18283;242;0.07961;5264;0.16562;81939;0.88160;961;0.83784;8992;0.95915;71986;0.87339;29217;0.83041;229;0.63435;2758;0.90724;26230;0.82528;477;0.00513;83;0.07236;54;0.00576;340;0.00413;395;0.01123;66;0.18283;40;0.01316;289;0.00909
1;0;0;2;3;0.598;0.518;107410629;0.47782;1546;0.57558;12027;0.52009;107397056;0.47781;107414643;0.46293;297;0.56897;8993;0.52987;107401339;0.47782;8541569;0.03800;584;0.21742;3153;0.13635;8537832;0.03799;10529673;0.04538;106;0.20307;2103;0.12391;8539360;0.03799;98928725;0.44009;392;0.14594;5622;0.24311;98922711;0.44011;104172770;0.44896;84;0.16092;4192;0.24700;98924449;0.44010;9912230;0.04409;164;0.06106;2323;0.10045;9909743;0.04409;9914950;0.04273;35;0.06705;1684;0.09922;9910511;0.04409;10457;0.14285;92;0.12073;325;0.05029;10040;0.15217;5535;0.17709;60;0.20000;240;0.09081;5235;0.18490;62199;0.84968;576;0.75591;6080;0.94074;55543;0.84184;25288;0.80909;168;0.56000;2361;0.89330;22759;0.80386;547;0.00747;94;0.12336;58;0.00897;395;0.00599;432;0.01382;72;0.24000;42;0.01589;318;0.01123
0;1;2;3;0;0.609;0.522;107605336;0.47865;1585;0.56286;12006;0.51352;107591745;0.47864;107609622;0.46504;568;0.58738;8826;0.51365;107595942;0.47864;8368583;0.03722;541;0.19212;3051;0.13050;8364991;0.03721;10183345;0.04401;161;0.16649;2056;0.11965;8366366;0.03722;99137317;0.44098;472;0.16761;5840;0.24979;99131005;0.44100;103902772;0.44902;179;0.18511;4424;0.25746;99132714;0.44100;9699783;0.04315;218;0.07741;2483;0.10620;9697082;0.04314;9702075;0.04193;59;0.06101;1877;0.10924;9697847;0.04314;10495;0.13587;100;0.08446;327;0.03796;10068;0.14928;5556;0.17592;65;0.16456;241;0.08206;5250;0.18584;66237;0.85754;998;0.84291;8231;0.95554;57008;0.84528;25615;0.81106;263;0.66582;2655;0.90398;22697;0.80343;509;0.00659;86;0.07264;56;0.00650;367;0.00544;411;0.01301;67;0.16962;41;0.01396;303;0.01073
0;1;2;0;3;0.607;0.525;107856818;0.47898;1628;0.56313;12212;0.51886;107842978;0.47897;107860862;0.46469;497;0.59736;9116;0.52103;107847205;0.47897;8114720;0.03604;574;0.19855;3245;0.13787;8110901;0.03602;9873148;0.04254;144;0.17308;2136;0.12209;8112440;0.03603;99577489;0.44221;478;0.16534;5695;0.24197;99571316;0.44224;104746937;0.45127;143;0.17188;4433;0.25337;99572913;0.44223;9631894;0.04277;211;0.07299;2384;0.10129;9629299;0.04277;9634078;0.04151;48;0.05769;1811;0.10351;9630035;0.04277;10528;0.11363;102;0.08586;330;0.03487;10096;0.12313;5570;0.15889;66;0.17098;242;0.07719;5262;0.16687;81646;0.88123;1002;0.84343;9082;0.95954;71562;0.87274;29088;0.82978;254;0.65803;2853;0.91005;25981;0.82390;476;0.00514;84;0.07071;53;0.00560;339;0.00413;397;0.01133;66;0.17098;40;0.01276;291;0.00923
0;1;0;2;3;0.602;0.518;107519979;0.47737;1503;0.56589;11856;0.51782;107506620;0.47737;107524106;0.46245;350;0.55821;9079;0.52380;107510550;0.47737;8611490;0.03823;549;0.20670;3060;0.13365;8607881;0.03822;10619834;0.04567;127;0.20255;2141;0.12352;8609222;0.03823;99198485;0.44043;414;0.15587;5598;0.24450;99192473;0.44045;104461724;0.44928;107;0.17065;4297;0.24791;99194081;0.44044;9902535;0.04397;190;0.07154;2382;0.10404;9899963;0.04396;9904838;0.04260;43;0.06858;1816;0.10477;9900676;0.04396;10454;0.14363;91;0.11071;321;0.04898;10042;0.15353;5534;0.17826;61;0.18155;237;0.08742;5236;0.18701;61778;0.84881;636;0.77372;6171;0.94156;54971;0.84046;25078;0.80780;204;0.60714;2429;0.89598;22445;0.80166;550;0.00756;95;0.11557;62;0.00946;393;0.00601;433;0.01395;71;0.21131;45;0.01660;317;0.01132
0;0;1;2;3;0.607;0.526;108045911;0.47980;1626;0.56873;12192;0.51839;108032093;0.47979;108050157;0.46605;451;0.58269;8978;0.52341;108036482;0.47979;8090802;0.03593;578;0.20217;3195;0.13585;8087029;0.03592;9771811;0.04215;150;0.19380;2085;0.12155;8088567;0.03592;99633744;0.44244;458;0.16020;5770;0.24533;99627516;0.44247;104597525;0.45116;126;0.16279;4326;0.25220;99629292;0.44246;9420107;0.04183;197;0.06891;2362;0.10043;9417548;0.04183;9422443;0.04064;47;0.06072;1764;0.10284;9418296;0.04183;10533;0.11402;101;0.08596;330;0.03499;10102;0.12354;5576;0.16047;65;0.18156;242;0.07860;5269;0.16828;81373;0.88088;989;0.84170;9049;0.95939;71335;0.87239;28780;0.82827;226;0.63128;2797;0.90841;25757;0.82264;471;0.00510;85;0.07234;53;0.00562;333;0.00407;391;0.01125;67;0.18715;40;0.01299;284;0.00907
1;2;3;4;0;0.607;0.524;108233172;0.48146;1625;0.55900;12232;0.52336;108219315;0.48146;108237664;0.46630;528;0.58667;8578;0.52029;108224066;0.48146;9401320;0.04182;577;0.19849;3189;0.13645;9397554;0.04181;11409516;0.04915;166;0.18444;2069;0.12549;9399085;0.04181;98094868;0.43637;474;0.16305;5716;0.24457;98088678;0.43639;103399182;0.44546;155;0.17222;4196;0.25450;98090517;0.43638;9070541;0.04035;231;0.07946;2235;0.09563;9068075;0.04034;9072897;0.03909;51;0.05667;1644;0.09971;9068846;0.04034;10511;0.13318;103;0.08887;328;0.03762;10080;0.14599;5570;0.17093;66;0.17460;242;0.08126;5262;0.18001;67921;0.86058;973;0.83952;8335;0.95607;58613;0.84887;26620;0.81689;246;0.65079;2696;0.90531;23678;0.81003;493;0.00625;83;0.07161;55;0.00631;355;0.00514;397;0.01218;66;0.17460;40;0.01343;291;0.00996
1;2;3;0;4;0.606;0.526;108549425;0.48271;1670;0.57507;12350;0.52625;108535405;0.48271;108553879;0.46706;477;0.60227;9044;0.52963;108539904;0.48271;9385885;0.04174;609;0.20971;3300;0.14062;9381976;0.04173;11450443;0.04927;147;0.18561;2166;0.12684;9383572;0.04173;98083098;0.43617;440;0.15152;5638;0.24024;98077020;0.43619;103556675;0.44556;126;0.15909;4229;0.24766;98078743;0.43618;8855821;0.03938;185;0.06371;2180;0.09289;8853456;0.03938;8858310;0.03811;42;0.05303;1637;0.09587;8854142;0.03938;10529;0.11226;103;0.08685;330;0.03444;10096;0.12161;5574;0.15570;66;0.17188;243;0.07656;5265;0.16330;82784;0.88267;1000;0.84317;9200;0.96003;72584;0.87431;29833;0.83332;252;0.65625;2892;0.91115;26689;0.82777;475;0.00506;83;0.06998;53;0.00553;339;0.00408;393;0.01098;66;0.17188;39;0.01229;288;0.00893
1;2;0;3;4;0.602;0.521;108279131;0.48163;1584;0.58086;12024;0.52251;108265523;0.48162;108283602;0.46546;374;0.57187;9026;0.53166;108269731;0.48162;9579660;0.04261;587;0.21525;3177;0.13806;9575896;0.04260;11804611;0.05074;129;0.19725;2158;0.12711;9577373;0.04260;97913052;0.43552;395;0.14485;5575;0.24226;97907082;0.43554;103501347;0.44490;110;0.16820;4161;0.24510;97908781;0.43553;9047997;0.04025;161;0.05904;2236;0.09717;9045600;0.04024;9050503;0.03890;41;0.06269;1632;0.09613;9046324;0.04024;10469;0.14079;94;0.11436;323;0.04832;10052;0.15036;5547;0.17307;62;0.18507;240;0.08615;5245;0.18131;63353;0.85201;636;0.77372;6301;0.94270;56416;0.84391;26083;0.81382;203;0.60597;2504;0.89878;23376;0.80805;535;0.00720;92;0.11192;60;0.00898;383;0.00573;420;0.01310;70;0.20896;42;0.01508;308;0.01065
1;0;2;3;4;0.607;0.527;108639448;0.48327;1664;0.57898;12440;0.52412;108625344;0.48327;108643868;0.46787;475;0.59975;8726;0.53017;108630247;0.48327;9222580;0.04103;591;0.20564;3355;0.14135;9218634;0.04101;11224808;0.04834;156;0.19697;2081;0.12644;9220343;0.04102;98196871;0.43682;438;0.15240;5678;0.23922;98190755;0.43684;103597725;0.44614;123;0.15530;4084;0.24813;98192664;0.43683;8740490;0.03888;181;0.06298;2262;0.09530;8738047;0.03888;8742746;0.03765;38;0.04798;1568;0.09527;8738884;0.03888;10541;0.11233;102;0.08651;334;0.03487;10105;0.12162;5582;0.15605;65;0.17615;247;0.07854;5270;0.16338;82839;0.88274;993;0.84224;9195;0.96001;72651;0.87441;29804;0.83319;237;0.64228;2863;0.91033;26704;0.82785;463;0.00493;84;0.07125;49;0.00512;330;0.00397;385;0.01076;67;0.18157;35;0.01113;283;0.00877
0;1;2;3;4;0.609;0.527;108771455;0.48346;1644;0.57203;12423;0.52347;108757388;0.48346;108776007;0.46800;464;0.59487;9179;0.52347;108761812;0.48346;9129836;0.04058;582;0.20251;3335;0.14053;9125919;0.04057;11065928;0.04761;139;0.17821;2293;0.13077;9127404;0.04057;98409716;0.43741;454;0.15797;5672;0.23900;98403590;0.43743;103909053;0.44706;134;0.17179;4317;0.24619;98405265;0.43742;8672486;0.03855;194;0.06750;2302;0.09700;8669990;0.03854;8674720;0.03732;43;0.05513;1746;0.09957;8670697;0.03854;10538;0.11260;101;0.08333;333;0.03451;10104;0.12214;5579;0.15644;65;0.16710;245;0.07611;5269;0.16437;82581;0.88242;1026;0.84653;9267;0.96031;72288;0.87386;29696;0.83268;257;0.66067;2937;0.91240;26502;0.82677;466;0.00498;85;0.07013;50;0.00518;331;0.00400;388;0.01088;67;0.17224;37;0.01149;284;0.00886
1;2;3;4;5;0.607;0.525;108795687;0.48577;1443;0.57929;11821;0.52315;108782423;0.48576;108800468;0.46875;365;0.59157;8319;0.52819;108787003;0.48577;10042036;0.04484;534;0.21437;3249;0.14379;10038253;0.04483;12351691;0.05322;118;0.19125;2074;0.13168;10039844;0.04483;96933240;0.43280;378;0.15175;5409;0.23938;96927453;0.43283;102756318;0.44271;104;0.16856;3917;0.24870;96929219;0.43282;8194851;0.03659;136;0.05460;2117;0.09369;8192598;0.03658;8197071;0.03532;30;0.04862;1440;0.09143;8193381;0.03659;10405;0.18538;85;0.16765;317;0.07377;10003;0.19490;5517;0.20747;54;0.22407;236;0.12041;5227;0.21430;45125;0.80395;321;0.63314;3914;0.91087;40890;0.79669;20625;0.77561;109;0.45228;1678;0.85612;18838;0.77233;599;0.01067;101;0.19921;66;0.01536;432;0.00842;450;0.01692;78;0.32365;46;0.02347;326;0.01337
